[{"model": "admin.logentry", "pk": 1, "fields": {"action_time": "2020-11-10T19:39:39.818Z", "user": 1, "content_type": 8, "object_id": "1", "object_repr": "Greg", "action_flag": 1, "change_message": "[{\"added\": {}}]"}}, {"model": "admin.logentry", "pk": 2, "fields": {"action_time": "2020-11-11T01:29:27.362Z", "user": 1, "content_type": 7, "object_id": "1", "object_repr": "1", "action_flag": 1, "change_message": "[{\"added\": {}}]"}}, {"model": "admin.logentry", "pk": 3, "fields": {"action_time": "2020-11-11T01:29:30.722Z", "user": 1, "content_type": 9, "object_id": "1", "object_repr": "1", "action_flag": 1, "change_message": "[{\"added\": {}}]"}}, {"model": "admin.logentry", "pk": 4, "fields": {"action_time": "2020-11-11T01:32:13.304Z", "user": 1, "content_type": 10, "object_id": "1", "object_repr": "1:unlabelled", "action_flag": 1, "change_message": "[{\"added\": {}}]"}}, {"model": "admin.logentry", "pk": 5, "fields": {"action_time": "2020-11-11T17:24:12.606Z", "user": 1, "content_type": 9, "object_id": "2", "object_repr": "2", "action_flag": 1, "change_message": "[{\"added\": {}}]"}}, {"model": "admin.logentry", "pk": 6, "fields": {"action_time": "2020-11-11T17:26:18.244Z", "user": 1, "content_type": 10, "object_id": "1", "object_repr": "1:unlabelled", "action_flag": 3, "change_message": ""}}, {"model": "admin.logentry", "pk": 7, "fields": {"action_time": "2020-11-11T17:26:32.385Z", "user": 1, "content_type": 9, "object_id": "2", "object_repr": "2", "action_flag": 3, "change_message": ""}}, {"model": "admin.logentry", "pk": 8, "fields": {"action_time": "2020-11-11T17:26:32.387Z", "user": 1, "content_type": 9, "object_id": "1", "object_repr": "1", "action_flag": 3, "change_message": ""}}, {"model": "admin.logentry", "pk": 9, "fields": {"action_time": "2020-11-11T17:27:17.580Z", "user": 1, "content_type": 9, "object_id": "3", "object_repr": "1", "action_flag": 1, "change_message": "[{\"added\": {}}]"}}, {"model": "admin.logentry", "pk": 10, "fields": {"action_time": "2020-11-11T17:30:07.877Z", "user": 1, "content_type": 9, "object_id": "4", "object_repr": "2", "action_flag": 1, "change_message": "[{\"added\": {}}]"}}, {"model": "admin.logentry", "pk": 11, "fields": {"action_time": "2020-11-11T19:03:04.145Z", "user": 1, "content_type": 9, "object_id": "5", "object_repr": "4", "action_flag": 1, "change_message": "[{\"added\": {}}]"}}, {"model": "admin.logentry", "pk": 12, "fields": {"action_time": "2020-11-11T19:27:00.151Z", "user": 1, "content_type": 9, "object_id": "6", "object_repr": "5", "action_flag": 1, "change_message": "[{\"added\": {}}]"}}, {"model": "admin.logentry", "pk": 13, "fields": {"action_time": "2020-11-11T19:34:12.245Z", "user": 1, "content_type": 9, "object_id": "6", "object_repr": "5", "action_flag": 3, "change_message": ""}}, {"model": "admin.logentry", "pk": 14, "fields": {"action_time": "2020-11-11T19:34:12.246Z", "user": 1, "content_type": 9, "object_id": "5", "object_repr": "4", "action_flag": 3, "change_message": ""}}, {"model": "admin.logentry", "pk": 15, "fields": {"action_time": "2020-11-11T19:34:12.247Z", "user": 1, "content_type": 9, "object_id": "4", "object_repr": "2", "action_flag": 3, "change_message": ""}}, {"model": "admin.logentry", "pk": 16, "fields": {"action_time": "2020-11-11T19:34:12.248Z", "user": 1, "content_type": 9, "object_id": "3", "object_repr": "1", "action_flag": 3, "change_message": ""}}, {"model": "admin.logentry", "pk": 17, "fields": {"action_time": "2020-11-11T19:35:25.956Z", "user": 1, "content_type": 9, "object_id": "7", "object_repr": "1", "action_flag": 1, "change_message": "[{\"added\": {}}]"}}, {"model": "admin.logentry", "pk": 18, "fields": {"action_time": "2020-11-12T16:56:15.024Z", "user": 1, "content_type": 10, "object_id": "2", "object_repr": "1:unlabelled", "action_flag": 1, "change_message": "[{\"added\": {}}]"}}, {"model": "admin.logentry", "pk": 19, "fields": {"action_time": "2020-11-18T00:20:31.979Z", "user": 1, "content_type": 10, "object_id": "3", "object_repr": "2", "action_flag": 1, "change_message": "[{\"added\": {}}]"}}, {"model": "admin.logentry", "pk": 20, "fields": {"action_time": "2020-11-18T00:20:55.930Z", "user": 1, "content_type": 10, "object_id": "2", "object_repr": "1", "action_flag": 2, "change_message": "[{\"changed\": {\"fields\": [\"IMM EO\"]}}]"}}, {"model": "admin.logentry", "pk": 21, "fields": {"action_time": "2020-11-18T00:21:11.447Z", "user": 1, "content_type": 10, "object_id": "4", "object_repr": "3", "action_flag": 1, "change_message": "[{\"added\": {}}]"}}, {"model": "admin.logentry", "pk": 22, "fields": {"action_time": "2020-11-18T00:22:22.642Z", "user": 1, "content_type": 10, "object_id": "5", "object_repr": "4", "action_flag": 1, "change_message": "[{\"added\": {}}]"}}, {"model": "admin.logentry", "pk": 23, "fields": {"action_time": "2020-11-18T00:23:00.588Z", "user": 1, "content_type": 10, "object_id": "6", "object_repr": "5", "action_flag": 1, "change_message": "[{\"added\": {}}]"}}, {"model": "admin.logentry", "pk": 24, "fields": {"action_time": "2020-11-20T00:13:47.771Z", "user": 1, "content_type": 10, "object_id": "2", "object_repr": "1", "action_flag": 2, "change_message": "[{\"changed\": {\"fields\": [\"Cell type\"]}}]"}}, {"model": "admin.logentry", "pk": 25, "fields": {"action_time": "2020-11-28T23:13:50.507Z", "user": 1, "content_type": 9, "object_id": "8", "object_repr": "2", "action_flag": 1, "change_message": "[{\"added\": {}}]"}}, {"model": "admin.logentry", "pk": 26, "fields": {"action_time": "2020-12-10T20:06:39.297Z", "user": 1, "content_type": 9, "object_id": "8", "object_repr": "2", "action_flag": 2, "change_message": "[{\"changed\": {\"fields\": [\"Image\"]}}]"}}, {"model": "admin.logentry", "pk": 27, "fields": {"action_time": "2020-12-10T20:08:01.140Z", "user": 1, "content_type": 10, "object_id": "7", "object_repr": "6", "action_flag": 1, "change_message": "[{\"added\": {}}]"}}, {"model": "admin.logentry", "pk": 28, "fields": {"action_time": "2020-12-10T20:08:14.197Z", "user": 1, "content_type": 10, "object_id": "8", "object_repr": "7", "action_flag": 1, "change_message": "[{\"added\": {}}]"}}, {"model": "admin.logentry", "pk": 29, "fields": {"action_time": "2020-12-21T18:29:58.105Z", "user": 1, "content_type": 10, "object_id": "7", "object_repr": "6", "action_flag": 2, "change_message": "[]"}}, {"model": "admin.logentry", "pk": 30, "fields": {"action_time": "2020-12-28T22:43:56.792Z", "user": 1, "content_type": 7, "object_id": "1", "object_repr": "23", "action_flag": 2, "change_message": "[{\"changed\": {\"fields\": [\"Sid\", \"Dzi path\"]}}]"}}, {"model": "admin.logentry", "pk": 31, "fields": {"action_time": "2020-12-28T22:56:09.291Z", "user": 1, "content_type": 8, "object_id": "1", "object_repr": "Greg", "action_flag": 2, "change_message": "[]"}}, {"model": "admin.logentry", "pk": 32, "fields": {"action_time": "2020-12-28T22:56:13.976Z", "user": 1, "content_type": 8, "object_id": "2", "object_repr": "Janis", "action_flag": 1, "change_message": "[{\"added\": {}}]"}}, {"model": "admin.logentry", "pk": 33, "fields": {"action_time": "2020-12-28T22:57:29.242Z", "user": 1, "content_type": 7, "object_id": "1", "object_repr": "23", "action_flag": 2, "change_message": "[{\"changed\": {\"fields\": [\"Dzi path\"]}}]"}}, {"model": "admin.logentry", "pk": 34, "fields": {"action_time": "2020-12-28T22:58:19.689Z", "user": 1, "content_type": 7, "object_id": "2", "object_repr": "2", "action_flag": 1, "change_message": "[{\"added\": {}}]"}}, {"model": "admin.logentry", "pk": 35, "fields": {"action_time": "2020-12-29T19:08:25.432Z", "user": 1, "content_type": 7, "object_id": "1", "object_repr": "23", "action_flag": 2, "change_message": "[{\"changed\": {\"fields\": [\"Dzi path\", \"Svs path\"]}}]"}}, {"model": "admin.logentry", "pk": 36, "fields": {"action_time": "2020-12-29T21:36:20.968Z", "user": 1, "content_type": 7, "object_id": "1", "object_repr": "23", "action_flag": 2, "change_message": "[{\"changed\": {\"fields\": [\"Dzi path\", \"Svs path\"]}}]"}}, {"model": "admin.logentry", "pk": 37, "fields": {"action_time": "2020-12-30T01:47:21.333Z", "user": 1, "content_type": 9, "object_id": "9", "object_repr": "12292020222120", "action_flag": 3, "change_message": ""}}, {"model": "auth.permission", "pk": 1, "fields": {"name": "Can add log entry", "content_type": 1, "codename": "add_logentry"}}, {"model": "auth.permission", "pk": 2, "fields": {"name": "Can change log entry", "content_type": 1, "codename": "change_logentry"}}, {"model": "auth.permission", "pk": 3, "fields": {"name": "Can delete log entry", "content_type": 1, "codename": "delete_logentry"}}, {"model": "auth.permission", "pk": 4, "fields": {"name": "Can view log entry", "content_type": 1, "codename": "view_logentry"}}, {"model": "auth.permission", "pk": 5, "fields": {"name": "Can add permission", "content_type": 2, "codename": "add_permission"}}, {"model": "auth.permission", "pk": 6, "fields": {"name": "Can change permission", "content_type": 2, "codename": "change_permission"}}, {"model": "auth.permission", "pk": 7, "fields": {"name": "Can delete permission", "content_type": 2, "codename": "delete_permission"}}, {"model": "auth.permission", "pk": 8, "fields": {"name": "Can view permission", "content_type": 2, "codename": "view_permission"}}, {"model": "auth.permission", "pk": 9, "fields": {"name": "Can add group", "content_type": 3, "codename": "add_group"}}, {"model": "auth.permission", "pk": 10, "fields": {"name": "Can change group", "content_type": 3, "codename": "change_group"}}, {"model": "auth.permission", "pk": 11, "fields": {"name": "Can delete group", "content_type": 3, "codename": "delete_group"}}, {"model": "auth.permission", "pk": 12, "fields": {"name": "Can view group", "content_type": 3, "codename": "view_group"}}, {"model": "auth.permission", "pk": 13, "fields": {"name": "Can add user", "content_type": 4, "codename": "add_user"}}, {"model": "auth.permission", "pk": 14, "fields": {"name": "Can change user", "content_type": 4, "codename": "change_user"}}, {"model": "auth.permission", "pk": 15, "fields": {"name": "Can delete user", "content_type": 4, "codename": "delete_user"}}, {"model": "auth.permission", "pk": 16, "fields": {"name": "Can view user", "content_type": 4, "codename": "view_user"}}, {"model": "auth.permission", "pk": 17, "fields": {"name": "Can add content type", "content_type": 5, "codename": "add_contenttype"}}, {"model": "auth.permission", "pk": 18, "fields": {"name": "Can change content type", "content_type": 5, "codename": "change_contenttype"}}, {"model": "auth.permission", "pk": 19, "fields": {"name": "Can delete content type", "content_type": 5, "codename": "delete_contenttype"}}, {"model": "auth.permission", "pk": 20, "fields": {"name": "Can view content type", "content_type": 5, "codename": "view_contenttype"}}, {"model": "auth.permission", "pk": 21, "fields": {"name": "Can add session", "content_type": 6, "codename": "add_session"}}, {"model": "auth.permission", "pk": 22, "fields": {"name": "Can change session", "content_type": 6, "codename": "change_session"}}, {"model": "auth.permission", "pk": 23, "fields": {"name": "Can delete session", "content_type": 6, "codename": "delete_session"}}, {"model": "auth.permission", "pk": 24, "fields": {"name": "Can view session", "content_type": 6, "codename": "view_session"}}, {"model": "auth.permission", "pk": 25, "fields": {"name": "Can add slide", "content_type": 7, "codename": "add_slide"}}, {"model": "auth.permission", "pk": 26, "fields": {"name": "Can change slide", "content_type": 7, "codename": "change_slide"}}, {"model": "auth.permission", "pk": 27, "fields": {"name": "Can delete slide", "content_type": 7, "codename": "delete_slide"}}, {"model": "auth.permission", "pk": 28, "fields": {"name": "Can view slide", "content_type": 7, "codename": "view_slide"}}, {"model": "auth.permission", "pk": 29, "fields": {"name": "Can add patient", "content_type": 8, "codename": "add_patient"}}, {"model": "auth.permission", "pk": 30, "fields": {"name": "Can change patient", "content_type": 8, "codename": "change_patient"}}, {"model": "auth.permission", "pk": 31, "fields": {"name": "Can delete patient", "content_type": 8, "codename": "delete_patient"}}, {"model": "auth.permission", "pk": 32, "fields": {"name": "Can view patient", "content_type": 8, "codename": "view_patient"}}, {"model": "auth.permission", "pk": 33, "fields": {"name": "Can add region", "content_type": 9, "codename": "add_region"}}, {"model": "auth.permission", "pk": 34, "fields": {"name": "Can change region", "content_type": 9, "codename": "change_region"}}, {"model": "auth.permission", "pk": 35, "fields": {"name": "Can delete region", "content_type": 9, "codename": "delete_region"}}, {"model": "auth.permission", "pk": 36, "fields": {"name": "Can view region", "content_type": 9, "codename": "view_region"}}, {"model": "auth.permission", "pk": 37, "fields": {"name": "Can add cell", "content_type": 10, "codename": "add_cell"}}, {"model": "auth.permission", "pk": 38, "fields": {"name": "Can change cell", "content_type": 10, "codename": "change_cell"}}, {"model": "auth.permission", "pk": 39, "fields": {"name": "Can delete cell", "content_type": 10, "codename": "delete_cell"}}, {"model": "auth.permission", "pk": 40, "fields": {"name": "Can view cell", "content_type": 10, "codename": "view_cell"}}, {"model": "auth.user", "pk": 1, "fields": {"password": "pbkdf2_sha256$216000$tRvEBhJauyA6$UT9ITQ+hN2byDMXHgAcVnBXdAAmVJF+mTI+5D/SemAU=", "last_login": "2021-01-26T13:39:02.632Z", "is_superuser": true, "username": "admin", "first_name": "", "last_name": "", "email": "ggoldgof@gmail.com", "is_staff": true, "is_active": true, "date_joined": "2020-11-10T19:16:38.286Z", "groups": [], "user_permissions": []}}, {"model": "contenttypes.contenttype", "pk": 1, "fields": {"app_label": "admin", "model": "logentry"}}, {"model": "contenttypes.contenttype", "pk": 2, "fields": {"app_label": "auth", "model": "permission"}}, {"model": "contenttypes.contenttype", "pk": 3, "fields": {"app_label": "auth", "model": "group"}}, {"model": "contenttypes.contenttype", "pk": 4, "fields": {"app_label": "auth", "model": "user"}}, {"model": "contenttypes.contenttype", "pk": 5, "fields": {"app_label": "contenttypes", "model": "contenttype"}}, {"model": "contenttypes.contenttype", "pk": 6, "fields": {"app_label": "sessions", "model": "session"}}, {"model": "contenttypes.contenttype", "pk": 7, "fields": {"app_label": "labeller", "model": "slide"}}, {"model": "contenttypes.contenttype", "pk": 8, "fields": {"app_label": "labeller", "model": "patient"}}, {"model": "contenttypes.contenttype", "pk": 9, "fields": {"app_label": "labeller", "model": "region"}}, {"model": "contenttypes.contenttype", "pk": 10, "fields": {"app_label": "labeller", "model": "cell"}}, {"model": "sessions.session", "pk": "5mea6xoiaovmvhl3rik85hycaj4w7ptx", "fields": {"session_data": ".eJxVjMsOwiAQRf-FtSE8ZsC6dN9vIANDpWogKe3K-O_apAvd3nPOfYlA21rC1vMSZhYXocXpd4uUHrnugO9Ub02mVtdljnJX5EG7HBvn5_Vw_w4K9fKtvTKceSAgM3lIChHBxUwqeg_RO0AkrdLkIFnWyXlt0Whkx4xnHKx4fwDZ7Tc7:1knQjz:scOlXrlNzFhnGH-3Gtvw7Aaypjt0lsyZNjwmjKrv_cQ", "expire_date": "2020-12-24T18:32:35.209Z"}}, {"model": "sessions.session", "pk": "6kftryrkf93vq7do31gxrwhcc2uvimnl", "fields": {"session_data": ".eJxVjMsOwiAQRf-FtSE8ZsC6dN9vIANDpWogKe3K-O_apAvd3nPOfYlA21rC1vMSZhYXocXpd4uUHrnugO9Ub02mVtdljnJX5EG7HBvn5_Vw_w4K9fKtvTKceSAgM3lIChHBxUwqeg_RO0AkrdLkIFnWyXlt0Whkx4xnHKx4fwDZ7Tc7:1khyM1:hLxMVX-5_T7jmmjG7ACCmzLxwjKmwFqwJz7MFVZFVgA", "expire_date": "2020-12-09T17:13:17.987Z"}}, {"model": "sessions.session", "pk": "c0i3k8t9tkcyj23df1pxg8ii2yl6erof", "fields": {"session_data": ".eJxVjMsOwiAQRf-FtSE8ZsC6dN9vIANDpWogKe3K-O_apAvd3nPOfYlA21rC1vMSZhYXocXpd4uUHrnugO9Ub02mVtdljnJX5EG7HBvn5_Vw_w4K9fKtvTKceSAgM3lIChHBxUwqeg_RO0AkrdLkIFnWyXlt0Whkx4xnHKx4fwDZ7Tc7:1kyJcb:_YshnIRXZ5nJn0SRxqkk4qbY73lGo62tq_gQEYk8R30", "expire_date": "2021-01-23T19:09:57.979Z"}}, {"model": "sessions.session", "pk": "d3bf9b33zh9fyllj2mbeo0t3btd5qiba", "fields": {"session_data": ".eJxVjMsOwiAQRf-FtSE8ZsC6dN9vIANDpWogKe3K-O_apAvd3nPOfYlA21rC1vMSZhYXocXpd4uUHrnugO9Ub02mVtdljnJX5EG7HBvn5_Vw_w4K9fKtvTKceSAgM3lIChHBxUwqeg_RO0AkrdLkIFnWyXlt0Whkx4xnHKx4fwDZ7Tc7:1l4OYg:Oldad0UIrwED1XYZXvMlkgt5VkvtU_cmiP3Y01x7yMw", "expire_date": "2021-02-09T13:39:02.633Z"}}, {"model": "sessions.session", "pk": "gyfm2ez30nvc2swuaed07vh0uq027t5l", "fields": {"session_data": ".eJxVjMsOwiAQRf-FtSE8ZsC6dN9vIANDpWogKe3K-O_apAvd3nPOfYlA21rC1vMSZhYXocXpd4uUHrnugO9Ub02mVtdljnJX5EG7HBvn5_Vw_w4K9fKtvTKceSAgM3lIChHBxUwqeg_RO0AkrdLkIFnWyXlt0Whkx4xnHKx4fwDZ7Tc7:1kcZEM:ILU0LkQTinHBaxddNfwk8lhISRtXO-hWtVj9rOgFQ1M", "expire_date": "2020-11-24T19:23:02.948Z"}}, {"model": "sessions.session", "pk": "rbaslwazw05nu0j9dv97zkyl6fllj8p3", "fields": {"session_data": ".eJxVjMsOwiAQRf-FtSE8ZsC6dN9vIANDpWogKe3K-O_apAvd3nPOfYlA21rC1vMSZhYXocXpd4uUHrnugO9Ub02mVtdljnJX5EG7HBvn5_Vw_w4K9fKtvTKceSAgM3lIChHBxUwqeg_RO0AkrdLkIFnWyXlt0Whkx4xnHKx4fwDZ7Tc7:1ku0mn:oKwc54Bvc7on3a95FewFgbFavRREdUy3jtps66QpQ1M", "expire_date": "2021-01-11T22:14:41.029Z"}}, {"model": "labeller.patient", "pk": 1, "fields": {"pid": 1, "date_added": "2020-11-10T19:39:39.817Z", "name": "Greg"}}, {"model": "labeller.patient", "pk": 2, "fields": {"pid": 2, "date_added": "2020-12-28T22:56:13.975Z", "name": "Janis"}}, {"model": "labeller.slide", "pk": 1, "fields": {"sid": 23, "patient": 1, "date_added": "2020-11-11T01:29:27.362Z", "dzi_path": "slides/23_jXiUlJR.dzi", "svs_path": "slides/23_UH9kYv3.svs"}}, {"model": "labeller.slide", "pk": 2, "fields": {"sid": 2, "patient": 1, "date_added": "2020-12-28T22:58:19.688Z", "dzi_path": "s1", "svs_path": " "}}, {"model": "labeller.region", "pk": 7, "fields": {"rid": 1, "date_added": "2020-11-11T19:35:25.954Z", "slide": 1, "image": "regions/aspirate_40x.png", "x": -1.0, "y": -1.0, "width": -1.0, "height": -1.0}}, {"model": "labeller.region", "pk": 8, "fields": {"rid": 2, "date_added": "2020-11-28T23:13:50.506Z", "slide": 1, "image": "regions/Picture1.png", "x": -1.0, "y": -1.0, "width": -1.0, "height": -1.0}}, {"model": "labeller.region", "pk": 10, "fields": {"rid": 12292020224050, "date_added": "2020-12-29T22:40:50.766Z", "slide": 1, "image": "/regions/12292020224050.jpg", "x": 20539.371355355466, "y": 9540.136713876625, "width": 348.3647999999994, "height": 341.5784727272712}}, {"model": "labeller.region", "pk": 11, "fields": {"rid": 1062021190706, "date_added": "2021-01-06T19:07:07.251Z", "slide": 1, "image": "/regions/01062021190706.jpg", "x": 17354.12162103136, "y": 15897.609287455874, "width": 1407.2727272727243, "height": 912.4363636363632}}, {"model": "labeller.region", "pk": 12, "fields": {"rid": 2032021173817, "date_added": "2021-02-03T17:38:17.656Z", "slide": 1, "image": "/regions/02032021173817.jpg", "x": 13930.605173019738, "y": 10909.61892394238, "width": 4866.394649971333, "height": 2861.809319901842}}, {"model": "labeller.region", "pk": 13, "fields": {"rid": 2032021202000, "date_added": "2021-02-03T20:20:00.391Z", "slide": 1, "image": "/regions/02032021202000.jpg", "x": 15476.238948698847, "y": 16585.620191108424, "width": 1497.516218181816, "height": 789.4760727272696}}, {"model": "labeller.region", "pk": 14, "fields": {"rid": 2032021234628, "date_added": "2021-02-03T23:46:28.980Z", "slide": 1, "image": "/regions/02032021234628.jpg", "x": 20760.27821491022, "y": 22090.084413019216, "width": 920.0, "height": 635.4545454545441}}, {"model": "labeller.region", "pk": 15, "fields": {"rid": 2052021161503, "date_added": "2021-02-05T16:15:04.264Z", "slide": 1, "image": "/regions/02052021161503.jpg", "x": 22032.8008134325, "y": 22509.429859985416, "width": 984.5454545454559, "height": 539.0909090909081}}, {"model": "labeller.region", "pk": 16, "fields": {"rid": 2122021145557, "date_added": "2021-02-12T14:55:58.126Z", "slide": 1, "image": "/regions/02122021145557.jpg", "x": 14275.22161213497, "y": 20171.032217938755, "width": 972.7272727272739, "height": 628.1818181818235}}, {"model": "labeller.cell", "pk": 2, "fields": {"cid": 1, "date_added": "2020-11-12T16:56:15.021Z", "region": 7, "image": "cells/cell1.png", "center_x": -1.0, "center_y": -1.0, "width": -1.0, "height": -1.0, "cell_type": "E3"}}, {"model": "labeller.cell", "pk": 3, "fields": {"cid": 2, "date_added": "2020-11-18T00:20:31.977Z", "region": 7, "image": "cells/cell2.png", "center_x": -1.0, "center_y": -1.0, "width": -1.0, "height": -1.0, "cell_type": "M3"}}, {"model": "labeller.cell", "pk": 4, "fields": {"cid": 3, "date_added": "2020-11-18T00:21:11.445Z", "region": 7, "image": "cells/cell3.png", "center_x": -1.0, "center_y": -1.0, "width": -1.0, "height": -1.0, "cell_type": "U1"}}, {"model": "labeller.cell", "pk": 5, "fields": {"cid": 4, "date_added": "2020-11-18T00:22:22.640Z", "region": 7, "image": "cells/cell4.png", "center_x": -1.0, "center_y": -1.0, "width": -1.0, "height": -1.0, "cell_type": "M3"}}, {"model": "labeller.cell", "pk": 6, "fields": {"cid": 5, "date_added": "2020-11-18T00:23:00.587Z", "region": 7, "image": "cells/cell5.png", "center_x": -1.0, "center_y": -1.0, "width": -1.0, "height": -1.0, "cell_type": "UL"}}, {"model": "labeller.cell", "pk": 7, "fields": {"cid": 6, "date_added": "2020-12-10T20:08:01.139Z", "region": 8, "image": "cells/cell6.png", "center_x": -1.0, "center_y": -1.0, "width": -1.0, "height": -1.0, "cell_type": "E2"}}, {"model": "labeller.cell", "pk": 8, "fields": {"cid": 7, "date_added": "2020-12-10T20:08:14.195Z", "region": 8, "image": "cells/cell7.png", "center_x": -1.0, "center_y": -1.0, "width": -1.0, "height": -1.0, "cell_type": "UL"}}, {"model": "labeller.cell", "pk": 124, "fields": {"cid": 1202021175940, "date_added": "2021-01-20T17:59:40.548Z", "region": 11, "image": "/cells/01202021175940.jpg", "center_x": 712.7333374023438, "center_y": 287.8833312988281, "width": 90.0, "height": 90.0, "cell_type": "ER1"}}, {"model": "labeller.cell", "pk": 135, "fields": {"cid": 1202021181911, "date_added": "2021-01-20T18:19:11.724Z", "region": 11, "image": "/cells/01202021181911.jpg", "center_x": 1147.1499938964844, "center_y": 348.53334045410156, "width": 90.0, "height": 90.0, "cell_type": "ER6"}}, {"model": "labeller.cell", "pk": 136, "fields": {"cid": 1202021182555, "date_added": "2021-01-20T18:25:55.584Z", "region": 11, "image": "/cells/01202021182555.jpg", "center_x": 1057.4499969482422, "center_y": 486.8333282470703, "width": 90.0, "height": 90.0, "cell_type": "ER3"}}, {"model": "labeller.cell", "pk": 137, "fields": {"cid": 1202021182657, "date_added": "2021-01-20T18:26:57.739Z", "region": 11, "image": "/cells/01202021182657.jpg", "center_x": 1100.4499969482422, "center_y": 489.8333282470703, "width": 90.0, "height": 90.0, "cell_type": "ER3"}}, {"model": "labeller.cell", "pk": 138, "fields": {"cid": 1202021190456, "date_added": "2021-01-20T19:04:56.315Z", "region": 11, "image": "/cells/01202021190456.jpg", "center_x": 858.4499969482422, "center_y": 621.3000030517578, "width": 90.0, "height": 90.0, "cell_type": "M2"}}, {"model": "labeller.cell", "pk": 139, "fields": {"cid": 1202021190611, "date_added": "2021-01-20T19:06:11.375Z", "region": 11, "image": "/cells/01202021190611.jpg", "center_x": 1095.4499969482422, "center_y": 560.1666717529297, "width": 90.0, "height": 90.0, "cell_type": "ER3"}}, {"model": "labeller.cell", "pk": 140, "fields": {"cid": 1202021191347, "date_added": "2021-01-20T19:13:47.628Z", "region": 11, "image": "/cells/01202021191347.jpg", "center_x": 853.4499969482422, "center_y": 486.1666717529297, "width": 90.0, "height": 90.0, "cell_type": "M2"}}, {"model": "labeller.cell", "pk": 141, "fields": {"cid": 1202021191904, "date_added": "2021-01-20T19:19:04.953Z", "region": 11, "image": "/cells/01202021191904.jpg", "center_x": 771.4499969482422, "center_y": 476.6666717529297, "width": 90.0, "height": 90.0, "cell_type": "M2"}}, {"model": "labeller.cell", "pk": 142, "fields": {"cid": 1202021191907, "date_added": "2021-01-20T19:19:07.462Z", "region": 11, "image": "/cells/01202021191907.jpg", "center_x": 871.4499969482422, "center_y": 422.6666717529297, "width": 90.0, "height": 90.0, "cell_type": "ER4"}}, {"model": "labeller.cell", "pk": 143, "fields": {"cid": 1202021191956, "date_added": "2021-01-20T19:19:56.837Z", "region": 11, "image": "/cells/01202021191956.jpg", "center_x": 970.4499969482422, "center_y": 515.6666717529297, "width": 90.0, "height": 90.0, "cell_type": "L2"}}, {"model": "labeller.cell", "pk": 144, "fields": {"cid": 1202021191958, "date_added": "2021-01-20T19:19:58.936Z", "region": 11, "image": "/cells/01202021191958.jpg", "center_x": 1171.4499969482422, "center_y": 630.6666717529297, "width": 90.0, "height": 90.0, "cell_type": "B2"}}, {"model": "labeller.cell", "pk": 147, "fields": {"cid": 1202021213825, "date_added": "2021-01-20T21:38:25.766Z", "region": 11, "image": "/cells/01202021213825.jpg", "center_x": 399.8000030517578, "center_y": 409.1333312988281, "width": 90.0, "height": 90.0, "cell_type": "ER3"}}, {"model": "labeller.cell", "pk": 152, "fields": {"cid": 1212021002034, "date_added": "2021-01-21T00:20:34.388Z", "region": 11, "image": "/cells/01212021002034.jpg", "center_x": 734.125, "center_y": 437.4583435058594, "width": 90.0, "height": 90.0, "cell_type": "U2"}}, {"model": "labeller.cell", "pk": 153, "fields": {"cid": 1212021002303, "date_added": "2021-01-21T00:23:03.874Z", "region": 11, "image": "/cells/01212021002303.jpg", "center_x": 703.125, "center_y": 397.4583435058594, "width": 90.0, "height": 90.0, "cell_type": "M4"}}, {"model": "labeller.cell", "pk": 156, "fields": {"cid": 1212021002428, "date_added": "2021-01-21T00:24:28.363Z", "region": 11, "image": "/cells/01212021002428.jpg", "center_x": 831.125, "center_y": 397.4583435058594, "width": 90.0, "height": 90.0, "cell_type": "L2"}}, {"model": "labeller.cell", "pk": 157, "fields": {"cid": 1212021002621, "date_added": "2021-01-21T00:26:21.737Z", "region": 11, "image": "/cells/01212021002621.jpg", "center_x": 655.0333404541016, "center_y": 67.58332824707031, "width": 90.0, "height": 90.0, "cell_type": "ER4"}}, {"model": "labeller.cell", "pk": 158, "fields": {"cid": 1212021002626, "date_added": "2021-01-21T00:26:26.186Z", "region": 11, "image": "/cells/01212021002626.jpg", "center_x": 662.0333404541016, "center_y": 137.5833282470703, "width": 90.0, "height": 90.0, "cell_type": "ER3"}}, {"model": "labeller.cell", "pk": 159, "fields": {"cid": 1212021002627, "date_added": "2021-01-21T00:26:27.703Z", "region": 11, "image": "/cells/01212021002627.jpg", "center_x": 697.0333404541016, "center_y": 191.5833282470703, "width": 90.0, "height": 90.0, "cell_type": "L2"}}, {"model": "labeller.cell", "pk": 160, "fields": {"cid": 1212021002628, "date_added": "2021-01-21T00:26:28.831Z", "region": 11, "image": "/cells/01212021002628.jpg", "center_x": 662.0333404541016, "center_y": 173.5833282470703, "width": 90.0, "height": 90.0, "cell_type": "L2"}}, {"model": "labeller.cell", "pk": 161, "fields": {"cid": 1212021002632, "date_added": "2021-01-21T00:26:32.827Z", "region": 11, "image": "/cells/01212021002632.jpg", "center_x": 641.0333404541016, "center_y": 216.5833282470703, "width": 90.0, "height": 90.0, "cell_type": "M3"}}, {"model": "labeller.cell", "pk": 162, "fields": {"cid": 1212021002633, "date_added": "2021-01-21T00:26:33.753Z", "region": 11, "image": "/cells/01212021002633.jpg", "center_x": 603.0333404541016, "center_y": 158.5833282470703, "width": 90.0, "height": 90.0, "cell_type": "M2"}}, {"model": "labeller.cell", "pk": 165, "fields": {"cid": 1212021002743, "date_added": "2021-01-21T00:27:43.517Z", "region": 11, "image": "/cells/01212021002743.jpg", "center_x": 612.7333374023438, "center_y": 348.28334045410156, "width": 90.0, "height": 90.0, "cell_type": "U2"}}, {"model": "labeller.cell", "pk": 166, "fields": {"cid": 1212021002927, "date_added": "2021-01-21T00:29:27.302Z", "region": 11, "image": "/cells/01212021002927.jpg", "center_x": 516.7333374023438, "center_y": 409.28334045410156, "width": 90.0, "height": 90.0, "cell_type": "L2"}}, {"model": "labeller.cell", "pk": 167, "fields": {"cid": 1212021003041, "date_added": "2021-01-21T00:30:41.280Z", "region": 11, "image": "/cells/01212021003041.jpg", "center_x": 697.1499938964844, "center_y": 240.68333435058594, "width": 90.0, "height": 90.0, "cell_type": "M6"}}, {"model": "labeller.cell", "pk": 168, "fields": {"cid": 1212021003043, "date_added": "2021-01-21T00:30:43.252Z", "region": 11, "image": "/cells/01212021003043.jpg", "center_x": 793.1499938964844, "center_y": 345.68333435058594, "width": 90.0, "height": 90.0, "cell_type": "M6"}}, {"model": "labeller.cell", "pk": 169, "fields": {"cid": 1212021003045, "date_added": "2021-01-21T00:30:45.068Z", "region": 11, "image": "/cells/01212021003045.jpg", "center_x": 767.1499938964844, "center_y": 368.68333435058594, "width": 90.0, "height": 90.0, "cell_type": "L2"}}, {"model": "labeller.cell", "pk": 170, "fields": {"cid": 1212021003046, "date_added": "2021-01-21T00:30:46.492Z", "region": 11, "image": "/cells/01212021003046.jpg", "center_x": 744.1499938964844, "center_y": 348.68333435058594, "width": 90.0, "height": 90.0, "cell_type": "L2"}}, {"model": "labeller.cell", "pk": 171, "fields": {"cid": 1212021003047, "date_added": "2021-01-21T00:30:47.863Z", "region": 11, "image": "/cells/01212021003047.jpg", "center_x": 735.1499938964844, "center_y": 376.68333435058594, "width": 90.0, "height": 90.0, "cell_type": "L2"}}, {"model": "labeller.cell", "pk": 172, "fields": {"cid": 1212021003049, "date_added": "2021-01-21T00:30:50.030Z", "region": 11, "image": "/cells/01212021003049.jpg", "center_x": 754.1499938964844, "center_y": 325.68333435058594, "width": 90.0, "height": 90.0, "cell_type": "L2"}}, {"model": "labeller.cell", "pk": 173, "fields": {"cid": 1212021003056, "date_added": "2021-01-21T00:30:56.995Z", "region": 11, "image": "/cells/01212021003056.jpg", "center_x": 789.1499938964844, "center_y": 393.68333435058594, "width": 90.0, "height": 90.0, "cell_type": "ER3"}}, {"model": "labeller.cell", "pk": 174, "fields": {"cid": 1212021003058, "date_added": "2021-01-21T00:30:58.129Z", "region": 11, "image": "/cells/01212021003058.jpg", "center_x": 805.1499938964844, "center_y": 421.68333435058594, "width": 90.0, "height": 90.0, "cell_type": "ER3"}}, {"model": "labeller.cell", "pk": 175, "fields": {"cid": 1212021003113, "date_added": "2021-01-21T00:31:13.594Z", "region": 11, "image": "/cells/01212021003113.jpg", "center_x": 447.1499938964844, "center_y": 431.68333435058594, "width": 90.0, "height": 90.0, "cell_type": "M6"}}, {"model": "labeller.cell", "pk": 176, "fields": {"cid": 1212021003115, "date_added": "2021-01-21T00:31:15.759Z", "region": 11, "image": "/cells/01212021003115.jpg", "center_x": 429.1499938964844, "center_y": 368.68333435058594, "width": 90.0, "height": 90.0, "cell_type": "M4"}}, {"model": "labeller.cell", "pk": 177, "fields": {"cid": 1212021003116, "date_added": "2021-01-21T00:31:16.847Z", "region": 11, "image": "/cells/01212021003116.jpg", "center_x": 477.1499938964844, "center_y": 364.68333435058594, "width": 90.0, "height": 90.0, "cell_type": "M3"}}, {"model": "labeller.cell", "pk": 178, "fields": {"cid": 1212021003117, "date_added": "2021-01-21T00:31:17.882Z", "region": 11, "image": "/cells/01212021003117.jpg", "center_x": 559.1499938964844, "center_y": 336.68333435058594, "width": 90.0, "height": 90.0, "cell_type": "M2"}}, {"model": "labeller.cell", "pk": 179, "fields": {"cid": 1212021003118, "date_added": "2021-01-21T00:31:18.848Z", "region": 11, "image": "/cells/01212021003118.jpg", "center_x": 508.1499938964844, "center_y": 377.68333435058594, "width": 90.0, "height": 90.0, "cell_type": "ER4"}}, {"model": "labeller.cell", "pk": 180, "fields": {"cid": 1212021003119, "date_added": "2021-01-21T00:31:19.967Z", "region": 11, "image": "/cells/01212021003119.jpg", "center_x": 535.1499938964844, "center_y": 379.68333435058594, "width": 90.0, "height": 90.0, "cell_type": "ER4"}}, {"model": "labeller.cell", "pk": 181, "fields": {"cid": 1212021003123, "date_added": "2021-01-21T00:31:23.518Z", "region": 11, "image": "/cells/01212021003123.jpg", "center_x": 506.1499938964844, "center_y": 345.68333435058594, "width": 90.0, "height": 90.0, "cell_type": "ER4"}}, {"model": "labeller.cell", "pk": 182, "fields": {"cid": 1212021003124, "date_added": "2021-01-21T00:31:24.673Z", "region": 11, "image": "/cells/01212021003124.jpg", "center_x": 389.1499938964844, "center_y": 355.68333435058594, "width": 90.0, "height": 90.0, "cell_type": "M1"}}, {"model": "labeller.cell", "pk": 183, "fields": {"cid": 1212021003126, "date_added": "2021-01-21T00:31:26.535Z", "region": 11, "image": "/cells/01212021003126.jpg", "center_x": 400.1499938964844, "center_y": 321.68333435058594, "width": 90.0, "height": 90.0, "cell_type": "L2"}}, {"model": "labeller.cell", "pk": 185, "fields": {"cid": 1212021003129, "date_added": "2021-01-21T00:31:29.771Z", "region": 11, "image": "/cells/01212021003129.jpg", "center_x": 240.14999389648438, "center_y": 355.68333435058594, "width": 90.0, "height": 90.0, "cell_type": "ER5"}}, {"model": "labeller.cell", "pk": 186, "fields": {"cid": 1212021003133, "date_added": "2021-01-21T00:31:33.245Z", "region": 11, "image": "/cells/01212021003133.jpg", "center_x": 447.1499938964844, "center_y": 523.6833343505859, "width": 90.0, "height": 90.0, "cell_type": "ER6"}}, {"model": "labeller.cell", "pk": 187, "fields": {"cid": 1212021003134, "date_added": "2021-01-21T00:31:34.153Z", "region": 11, "image": "/cells/01212021003134.jpg", "center_x": 469.1499938964844, "center_y": 501.68333435058594, "width": 90.0, "height": 90.0, "cell_type": "ER6"}}, {"model": "labeller.cell", "pk": 188, "fields": {"cid": 1212021003136, "date_added": "2021-01-21T00:31:36.197Z", "region": 11, "image": "/cells/01212021003136.jpg", "center_x": 327.1499938964844, "center_y": 523.6833343505859, "width": 90.0, "height": 90.0, "cell_type": "ER6"}}, {"model": "labeller.cell", "pk": 189, "fields": {"cid": 1212021003138, "date_added": "2021-01-21T00:31:38.906Z", "region": 11, "image": "/cells/01212021003138.jpg", "center_x": 353.1499938964844, "center_y": 562.6833343505859, "width": 90.0, "height": 90.0, "cell_type": "ER6"}}, {"model": "labeller.cell", "pk": 190, "fields": {"cid": 1212021003140, "date_added": "2021-01-21T00:31:40.563Z", "region": 11, "image": "/cells/01212021003140.jpg", "center_x": 306.1499938964844, "center_y": 547.6833343505859, "width": 90.0, "height": 90.0, "cell_type": "ER6"}}, {"model": "labeller.cell", "pk": 191, "fields": {"cid": 1212021003141, "date_added": "2021-01-21T00:31:41.864Z", "region": 11, "image": "/cells/01212021003141.jpg", "center_x": 309.1499938964844, "center_y": 570.6833343505859, "width": 90.0, "height": 90.0, "cell_type": "ER6"}}, {"model": "labeller.cell", "pk": 192, "fields": {"cid": 1212021003146, "date_added": "2021-01-21T00:31:46.842Z", "region": 11, "image": "/cells/01212021003146.jpg", "center_x": 102.14999389648438, "center_y": 66.68333435058594, "width": 90.0, "height": 90.0, "cell_type": "L2"}}, {"model": "labeller.cell", "pk": 193, "fields": {"cid": 1212021003153, "date_added": "2021-01-21T00:31:53.950Z", "region": 11, "image": "/cells/01212021003153.jpg", "center_x": 178.14999389648438, "center_y": 468.68333435058594, "width": 90.0, "height": 90.0, "cell_type": "M2"}}, {"model": "labeller.cell", "pk": 194, "fields": {"cid": 1212021003154, "date_added": "2021-01-21T00:31:54.835Z", "region": 11, "image": "/cells/01212021003154.jpg", "center_x": 220.14999389648438, "center_y": 401.68333435058594, "width": 90.0, "height": 90.0, "cell_type": "M3"}}, {"model": "labeller.cell", "pk": 195, "fields": {"cid": 1212021003155, "date_added": "2021-01-21T00:31:55.519Z", "region": 11, "image": "/cells/01212021003155.jpg", "center_x": 174.14999389648438, "center_y": 387.68333435058594, "width": 90.0, "height": 90.0, "cell_type": "M3"}}, {"model": "labeller.cell", "pk": 196, "fields": {"cid": 1212021003156, "date_added": "2021-01-21T00:31:56.130Z", "region": 11, "image": "/cells/01212021003156.jpg", "center_x": 157.14999389648438, "center_y": 417.68333435058594, "width": 90.0, "height": 90.0, "cell_type": "L2"}}, {"model": "labeller.cell", "pk": 197, "fields": {"cid": 1212021003157, "date_added": "2021-01-21T00:31:57.163Z", "region": 11, "image": "/cells/01212021003157.jpg", "center_x": 202.14999389648438, "center_y": 297.68333435058594, "width": 90.0, "height": 90.0, "cell_type": "M4"}}, {"model": "labeller.cell", "pk": 198, "fields": {"cid": 1212021003158, "date_added": "2021-01-21T00:31:58.330Z", "region": 11, "image": "/cells/01212021003158.jpg", "center_x": 139.14999389648438, "center_y": 310.68333435058594, "width": 90.0, "height": 90.0, "cell_type": "M3"}}, {"model": "labeller.cell", "pk": 199, "fields": {"cid": 1212021003159, "date_added": "2021-01-21T00:31:59.219Z", "region": 11, "image": "/cells/01212021003159.jpg", "center_x": 131.14999389648438, "center_y": 265.68333435058594, "width": 90.0, "height": 90.0, "cell_type": "ER3"}}, {"model": "labeller.cell", "pk": 200, "fields": {"cid": 1212021003200, "date_added": "2021-01-21T00:32:00.542Z", "region": 11, "image": "/cells/01212021003200.jpg", "center_x": 135.14999389648438, "center_y": 212.68333435058594, "width": 90.0, "height": 90.0, "cell_type": "ER3"}}, {"model": "labeller.cell", "pk": 201, "fields": {"cid": 1212021003201, "date_added": "2021-01-21T00:32:01.744Z", "region": 11, "image": "/cells/01212021003201.jpg", "center_x": 176.14999389648438, "center_y": 240.68333435058594, "width": 90.0, "height": 90.0, "cell_type": "ER2"}}, {"model": "labeller.cell", "pk": 202, "fields": {"cid": 1212021003202, "date_added": "2021-01-21T00:32:02.475Z", "region": 11, "image": "/cells/01212021003202.jpg", "center_x": 133.14999389648438, "center_y": 232.68333435058594, "width": 90.0, "height": 90.0, "cell_type": "ER3"}}, {"model": "labeller.cell", "pk": 203, "fields": {"cid": 1212021003203, "date_added": "2021-01-21T00:32:03.095Z", "region": 11, "image": "/cells/01212021003203.jpg", "center_x": 100.14999389648438, "center_y": 232.68333435058594, "width": 90.0, "height": 90.0, "cell_type": "ER3"}}, {"model": "labeller.cell", "pk": 204, "fields": {"cid": 1212021003206, "date_added": "2021-01-21T00:32:06.382Z", "region": 11, "image": "/cells/01212021003206.jpg", "center_x": 184.14999389648438, "center_y": 340.68333435058594, "width": 90.0, "height": 90.0, "cell_type": "M4"}}, {"model": "labeller.cell", "pk": 205, "fields": {"cid": 1212021003207, "date_added": "2021-01-21T00:32:07.555Z", "region": 11, "image": "/cells/01212021003207.jpg", "center_x": 209.14999389648438, "center_y": 261.68333435058594, "width": 90.0, "height": 90.0, "cell_type": "ER4"}}, {"model": "labeller.cell", "pk": 206, "fields": {"cid": 1212021003208, "date_added": "2021-01-21T00:32:08.260Z", "region": 11, "image": "/cells/01212021003208.jpg", "center_x": 164.14999389648438, "center_y": 285.68333435058594, "width": 90.0, "height": 90.0, "cell_type": "ER4"}}, {"model": "labeller.cell", "pk": 207, "fields": {"cid": 1212021003213, "date_added": "2021-01-21T00:32:13.132Z", "region": 11, "image": "/cells/01212021003213.jpg", "center_x": 230.14999389648438, "center_y": 565.683349609375, "width": 90.0, "height": 90.0, "cell_type": "M3"}}, {"model": "labeller.cell", "pk": 208, "fields": {"cid": 1212021003217, "date_added": "2021-01-21T00:32:17.901Z", "region": 11, "image": "/cells/01212021003217.jpg", "center_x": 963.1499938964844, "center_y": 589.683349609375, "width": 90.0, "height": 90.0, "cell_type": "U2"}}, {"model": "labeller.cell", "pk": 209, "fields": {"cid": 1212021003219, "date_added": "2021-01-21T00:32:19.048Z", "region": 11, "image": "/cells/01212021003219.jpg", "center_x": 1009.1499938964844, "center_y": 550.683349609375, "width": 90.0, "height": 90.0, "cell_type": "M2"}}, {"model": "labeller.cell", "pk": 210, "fields": {"cid": 1212021003220, "date_added": "2021-01-21T00:32:20.057Z", "region": 11, "image": "/cells/01212021003220.jpg", "center_x": 909.1499938964844, "center_y": 582.683349609375, "width": 90.0, "height": 90.0, "cell_type": "M3"}}, {"model": "labeller.cell", "pk": 211, "fields": {"cid": 1212021003229, "date_added": "2021-01-21T00:32:29.782Z", "region": 11, "image": "/cells/01212021003229.jpg", "center_x": 1341.1499938964844, "center_y": 781.683349609375, "width": 90.0, "height": 90.0, "cell_type": "M3"}}, {"model": "labeller.cell", "pk": 212, "fields": {"cid": 1212021003230, "date_added": "2021-01-21T00:32:30.730Z", "region": 11, "image": "/cells/01212021003230.jpg", "center_x": 1300.1499938964844, "center_y": 735.683349609375, "width": 90.0, "height": 90.0, "cell_type": "M1"}}, {"model": "labeller.cell", "pk": 213, "fields": {"cid": 1212021003231, "date_added": "2021-01-21T00:32:31.539Z", "region": 11, "image": "/cells/01212021003231.jpg", "center_x": 1259.1499938964844, "center_y": 721.683349609375, "width": 90.0, "height": 90.0, "cell_type": "ER4"}}, {"model": "labeller.cell", "pk": 214, "fields": {"cid": 1212021003233, "date_added": "2021-01-21T00:32:33.889Z", "region": 11, "image": "/cells/01212021003233.jpg", "center_x": 1231.1499938964844, "center_y": 683.683349609375, "width": 90.0, "height": 90.0, "cell_type": "U2"}}, {"model": "labeller.cell", "pk": 215, "fields": {"cid": 1212021003234, "date_added": "2021-01-21T00:32:34.761Z", "region": 11, "image": "/cells/01212021003234.jpg", "center_x": 1196.1499938964844, "center_y": 665.683349609375, "width": 90.0, "height": 90.0, "cell_type": "L2"}}, {"model": "labeller.cell", "pk": 216, "fields": {"cid": 1212021003235, "date_added": "2021-01-21T00:32:35.502Z", "region": 11, "image": "/cells/01212021003235.jpg", "center_x": 1222.1499938964844, "center_y": 634.683349609375, "width": 90.0, "height": 90.0, "cell_type": "L2"}}, {"model": "labeller.cell", "pk": 217, "fields": {"cid": 1212021003237, "date_added": "2021-01-21T00:32:37.572Z", "region": 11, "image": "/cells/01212021003237.jpg", "center_x": 751.1499938964844, "center_y": 697.683349609375, "width": 90.0, "height": 90.0, "cell_type": "M2"}}, {"model": "labeller.cell", "pk": 218, "fields": {"cid": 1212021003238, "date_added": "2021-01-21T00:32:38.423Z", "region": 11, "image": "/cells/01212021003238.jpg", "center_x": 693.1499938964844, "center_y": 698.683349609375, "width": 90.0, "height": 90.0, "cell_type": "M4"}}, {"model": "labeller.cell", "pk": 220, "fields": {"cid": 1212021003241, "date_added": "2021-01-21T00:32:41.668Z", "region": 11, "image": "/cells/01212021003241.jpg", "center_x": 678.1499938964844, "center_y": 651.683349609375, "width": 90.0, "height": 90.0, "cell_type": "M2"}}, {"model": "labeller.cell", "pk": 221, "fields": {"cid": 1212021003244, "date_added": "2021-01-21T00:32:44.682Z", "region": 11, "image": "/cells/01212021003244.jpg", "center_x": 653.1499938964844, "center_y": 720.683349609375, "width": 90.0, "height": 90.0, "cell_type": "ER4"}}, {"model": "labeller.cell", "pk": 222, "fields": {"cid": 1212021003245, "date_added": "2021-01-21T00:32:45.679Z", "region": 11, "image": "/cells/01212021003245.jpg", "center_x": 655.1499938964844, "center_y": 686.683349609375, "width": 90.0, "height": 90.0, "cell_type": "U2"}}, {"model": "labeller.cell", "pk": 223, "fields": {"cid": 1212021003320, "date_added": "2021-01-21T00:33:20.785Z", "region": 11, "image": "/cells/01212021003320.jpg", "center_x": 614.1499938964844, "center_y": 684.683349609375, "width": 90.0, "height": 90.0, "cell_type": "ER2"}}, {"model": "labeller.cell", "pk": 224, "fields": {"cid": 1212021003321, "date_added": "2021-01-21T00:33:21.904Z", "region": 11, "image": "/cells/01212021003321.jpg", "center_x": 590.1499938964844, "center_y": 703.683349609375, "width": 90.0, "height": 90.0, "cell_type": "ER4"}}, {"model": "labeller.cell", "pk": 225, "fields": {"cid": 1212021003323, "date_added": "2021-01-21T00:33:23.167Z", "region": 11, "image": "/cells/01212021003323.jpg", "center_x": 551.1499938964844, "center_y": 662.683349609375, "width": 90.0, "height": 90.0, "cell_type": "ER3"}}, {"model": "labeller.cell", "pk": 226, "fields": {"cid": 1212021003324, "date_added": "2021-01-21T00:33:24.124Z", "region": 11, "image": "/cells/01212021003324.jpg", "center_x": 522.1499938964844, "center_y": 624.683349609375, "width": 90.0, "height": 90.0, "cell_type": "M5"}}, {"model": "labeller.cell", "pk": 227, "fields": {"cid": 1212021003326, "date_added": "2021-01-21T00:33:26.359Z", "region": 11, "image": "/cells/01212021003326.jpg", "center_x": 420.1499938964844, "center_y": 820.683349609375, "width": 90.0, "height": 90.0, "cell_type": "M6"}}, {"model": "labeller.cell", "pk": 228, "fields": {"cid": 1212021003328, "date_added": "2021-01-21T00:33:28.816Z", "region": 11, "image": "/cells/01212021003328.jpg", "center_x": 296.1499938964844, "center_y": 607.683349609375, "width": 90.0, "height": 90.0, "cell_type": "M5"}}, {"model": "labeller.cell", "pk": 229, "fields": {"cid": 1212021003329, "date_added": "2021-01-21T00:33:29.664Z", "region": 11, "image": "/cells/01212021003329.jpg", "center_x": 270.1499938964844, "center_y": 579.683349609375, "width": 90.0, "height": 90.0, "cell_type": "L2"}}, {"model": "labeller.cell", "pk": 230, "fields": {"cid": 1212021003332, "date_added": "2021-01-21T00:33:32.737Z", "region": 11, "image": "/cells/01212021003332.jpg", "center_x": 263.1499938964844, "center_y": 625.683349609375, "width": 90.0, "height": 90.0, "cell_type": "L2"}}, {"model": "labeller.cell", "pk": 231, "fields": {"cid": 1212021003333, "date_added": "2021-01-21T00:33:33.662Z", "region": 11, "image": "/cells/01212021003333.jpg", "center_x": 232.14999389648438, "center_y": 632.683349609375, "width": 90.0, "height": 90.0, "cell_type": "L2"}}, {"model": "labeller.cell", "pk": 232, "fields": {"cid": 1212021003334, "date_added": "2021-01-21T00:33:34.364Z", "region": 11, "image": "/cells/01212021003334.jpg", "center_x": 208.14999389648438, "center_y": 639.683349609375, "width": 90.0, "height": 90.0, "cell_type": "L2"}}, {"model": "labeller.cell", "pk": 233, "fields": {"cid": 1212021003335, "date_added": "2021-01-21T00:33:35.610Z", "region": 11, "image": "/cells/01212021003335.jpg", "center_x": 200.14999389648438, "center_y": 603.683349609375, "width": 90.0, "height": 90.0, "cell_type": "U2"}}, {"model": "labeller.cell", "pk": 235, "fields": {"cid": 1212021003339, "date_added": "2021-01-21T00:33:39.338Z", "region": 11, "image": "/cells/01212021003339.jpg", "center_x": 908.1499938964844, "center_y": 466.68333435058594, "width": 90.0, "height": 90.0, "cell_type": "MO2"}}, {"model": "labeller.cell", "pk": 236, "fields": {"cid": 1212021003343, "date_added": "2021-01-21T00:33:43.500Z", "region": 11, "image": "/cells/01212021003343.jpg", "center_x": 129.14999389648438, "center_y": 45.68333435058594, "width": 90.0, "height": 90.0, "cell_type": "ER6"}}, {"model": "labeller.cell", "pk": 237, "fields": {"cid": 1212021003344, "date_added": "2021-01-21T00:33:44.301Z", "region": 11, "image": "/cells/01212021003344.jpg", "center_x": 195.14999389648438, "center_y": 55.68333435058594, "width": 90.0, "height": 90.0, "cell_type": "ER6"}}, {"model": "labeller.cell", "pk": 238, "fields": {"cid": 1212021003347, "date_added": "2021-01-21T00:33:47.361Z", "region": 11, "image": "/cells/01212021003347.jpg", "center_x": 281.1499938964844, "center_y": 239.68333435058594, "width": 90.0, "height": 90.0, "cell_type": "ER6"}}, {"model": "labeller.cell", "pk": 239, "fields": {"cid": 1212021003348, "date_added": "2021-01-21T00:33:48.711Z", "region": 11, "image": "/cells/01212021003348.jpg", "center_x": 323.1499938964844, "center_y": 243.68333435058594, "width": 90.0, "height": 90.0, "cell_type": "M1"}}, {"model": "labeller.cell", "pk": 240, "fields": {"cid": 1212021003349, "date_added": "2021-01-21T00:33:49.929Z", "region": 11, "image": "/cells/01212021003349.jpg", "center_x": 317.1499938964844, "center_y": 198.68333435058594, "width": 90.0, "height": 90.0, "cell_type": "L2"}}, {"model": "labeller.cell", "pk": 241, "fields": {"cid": 1212021003350, "date_added": "2021-01-21T00:33:50.709Z", "region": 11, "image": "/cells/01212021003350.jpg", "center_x": 286.1499938964844, "center_y": 171.68333435058594, "width": 90.0, "height": 90.0, "cell_type": "L2"}}, {"model": "labeller.cell", "pk": 242, "fields": {"cid": 1212021003351, "date_added": "2021-01-21T00:33:51.443Z", "region": 11, "image": "/cells/01212021003351.jpg", "center_x": 275.1499938964844, "center_y": 117.68333435058594, "width": 90.0, "height": 90.0, "cell_type": "M1"}}, {"model": "labeller.cell", "pk": 243, "fields": {"cid": 1212021003352, "date_added": "2021-01-21T00:33:52.571Z", "region": 11, "image": "/cells/01212021003352.jpg", "center_x": 322.1499938964844, "center_y": 144.68333435058594, "width": 90.0, "height": 90.0, "cell_type": "M3"}}, {"model": "labeller.cell", "pk": 244, "fields": {"cid": 1212021003402, "date_added": "2021-01-21T00:34:02.580Z", "region": 11, "image": "/cells/01212021003402.jpg", "center_x": 300.1499938964844, "center_y": 309.68333435058594, "width": 90.0, "height": 90.0, "cell_type": "ER6"}}, {"model": "labeller.cell", "pk": 245, "fields": {"cid": 1212021003404, "date_added": "2021-01-21T00:34:04.881Z", "region": 11, "image": "/cells/01212021003404.jpg", "center_x": 316.1499938964844, "center_y": 336.68333435058594, "width": 90.0, "height": 90.0, "cell_type": "ER6"}}, {"model": "labeller.cell", "pk": 246, "fields": {"cid": 1212021003405, "date_added": "2021-01-21T00:34:05.965Z", "region": 11, "image": "/cells/01212021003405.jpg", "center_x": 281.1499938964844, "center_y": 362.68333435058594, "width": 90.0, "height": 90.0, "cell_type": "ER6"}}, {"model": "labeller.cell", "pk": 247, "fields": {"cid": 1212021003407, "date_added": "2021-01-21T00:34:07.414Z", "region": 11, "image": "/cells/01212021003407.jpg", "center_x": 375.1499938964844, "center_y": 431.68333435058594, "width": 90.0, "height": 90.0, "cell_type": "ER6"}}, {"model": "labeller.cell", "pk": 248, "fields": {"cid": 1212021003408, "date_added": "2021-01-21T00:34:08.451Z", "region": 11, "image": "/cells/01212021003408.jpg", "center_x": 250.14999389648438, "center_y": 313.68333435058594, "width": 90.0, "height": 90.0, "cell_type": "ER6"}}, {"model": "labeller.cell", "pk": 249, "fields": {"cid": 1212021003409, "date_added": "2021-01-21T00:34:09.557Z", "region": 11, "image": "/cells/01212021003409.jpg", "center_x": 238.14999389648438, "center_y": 278.68333435058594, "width": 90.0, "height": 90.0, "cell_type": "L2"}}, {"model": "labeller.cell", "pk": 250, "fields": {"cid": 1212021003410, "date_added": "2021-01-21T00:34:10.451Z", "region": 11, "image": "/cells/01212021003410.jpg", "center_x": 266.1499938964844, "center_y": 261.68333435058594, "width": 90.0, "height": 90.0, "cell_type": "ER6"}}, {"model": "labeller.cell", "pk": 251, "fields": {"cid": 1212021003411, "date_added": "2021-01-21T00:34:11.535Z", "region": 11, "image": "/cells/01212021003411.jpg", "center_x": 308.1499938964844, "center_y": 276.68333435058594, "width": 90.0, "height": 90.0, "cell_type": "ER6"}}, {"model": "labeller.cell", "pk": 252, "fields": {"cid": 1212021003413, "date_added": "2021-01-21T00:34:13.481Z", "region": 11, "image": "/cells/01212021003413.jpg", "center_x": 447.1499938964844, "center_y": 482.68333435058594, "width": 90.0, "height": 90.0, "cell_type": "ER6"}}, {"model": "labeller.cell", "pk": 253, "fields": {"cid": 1212021003423, "date_added": "2021-01-21T00:34:23.548Z", "region": 11, "image": "/cells/01212021003423.jpg", "center_x": 787.1499938964844, "center_y": 245.68333435058594, "width": 90.0, "height": 90.0, "cell_type": "ER6"}}, {"model": "labeller.cell", "pk": 254, "fields": {"cid": 1212021003424, "date_added": "2021-01-21T00:34:24.365Z", "region": 11, "image": "/cells/01212021003424.jpg", "center_x": 749.1499938964844, "center_y": 203.68333435058594, "width": 90.0, "height": 90.0, "cell_type": "ER6"}}, {"model": "labeller.cell", "pk": 255, "fields": {"cid": 1212021003425, "date_added": "2021-01-21T00:34:25.247Z", "region": 11, "image": "/cells/01212021003425.jpg", "center_x": 713.1499938964844, "center_y": 168.68333435058594, "width": 90.0, "height": 90.0, "cell_type": "ER6"}}, {"model": "labeller.cell", "pk": 256, "fields": {"cid": 1212021003429, "date_added": "2021-01-21T00:34:29.979Z", "region": 11, "image": "/cells/01212021003429.jpg", "center_x": 753.1499938964844, "center_y": 254.68333435058594, "width": 90.0, "height": 90.0, "cell_type": "ER6"}}, {"model": "labeller.cell", "pk": 257, "fields": {"cid": 1212021003431, "date_added": "2021-01-21T00:34:31.154Z", "region": 11, "image": "/cells/01212021003431.jpg", "center_x": 767.1499938964844, "center_y": 174.68333435058594, "width": 90.0, "height": 90.0, "cell_type": "ER6"}}, {"model": "labeller.cell", "pk": 258, "fields": {"cid": 1212021003438, "date_added": "2021-01-21T00:34:38.226Z", "region": 11, "image": "/cells/01212021003438.jpg", "center_x": 356.1499938964844, "center_y": 638.683349609375, "width": 90.0, "height": 90.0, "cell_type": "U1"}}, {"model": "labeller.cell", "pk": 259, "fields": {"cid": 1212021003446, "date_added": "2021-01-21T00:34:46.318Z", "region": 11, "image": "/cells/01212021003446.jpg", "center_x": 286.1499938964844, "center_y": 424.68333435058594, "width": 90.0, "height": 90.0, "cell_type": "U1"}}, {"model": "labeller.cell", "pk": 260, "fields": {"cid": 1212021003447, "date_added": "2021-01-21T00:34:47.883Z", "region": 11, "image": "/cells/01212021003447.jpg", "center_x": 249.14999389648438, "center_y": 451.68333435058594, "width": 90.0, "height": 90.0, "cell_type": "L2"}}, {"model": "labeller.cell", "pk": 261, "fields": {"cid": 1212021003448, "date_added": "2021-01-21T00:34:48.524Z", "region": 11, "image": "/cells/01212021003448.jpg", "center_x": 242.14999389648438, "center_y": 484.68333435058594, "width": 90.0, "height": 90.0, "cell_type": "L2"}}, {"model": "labeller.cell", "pk": 262, "fields": {"cid": 1212021003449, "date_added": "2021-01-21T00:34:49.633Z", "region": 11, "image": "/cells/01212021003449.jpg", "center_x": 264.1499938964844, "center_y": 522.6833343505859, "width": 90.0, "height": 90.0, "cell_type": "ER4"}}, {"model": "labeller.cell", "pk": 263, "fields": {"cid": 1212021003452, "date_added": "2021-01-21T00:34:52.218Z", "region": 11, "image": "/cells/01212021003452.jpg", "center_x": 228.14999389648438, "center_y": 518.6833343505859, "width": 90.0, "height": 90.0, "cell_type": "L2"}}, {"model": "labeller.cell", "pk": 265, "fields": {"cid": 1212021003503, "date_added": "2021-01-21T00:35:03.520Z", "region": 11, "image": "/cells/01212021003503.jpg", "center_x": 174.14999389648438, "center_y": 550.6833343505859, "width": 90.0, "height": 90.0, "cell_type": "M4"}}, {"model": "labeller.cell", "pk": 266, "fields": {"cid": 1212021003508, "date_added": "2021-01-21T00:35:08.390Z", "region": 11, "image": "/cells/01212021003508.jpg", "center_x": 673.1499938964844, "center_y": 266.68333435058594, "width": 90.0, "height": 90.0, "cell_type": "U2"}}, {"model": "labeller.cell", "pk": 267, "fields": {"cid": 1212021003516, "date_added": "2021-01-21T00:35:16.067Z", "region": 11, "image": "/cells/01212021003516.jpg", "center_x": 934.1499938964844, "center_y": 733.683349609375, "width": 90.0, "height": 90.0, "cell_type": "U1"}}, {"model": "labeller.cell", "pk": 268, "fields": {"cid": 1212021003518, "date_added": "2021-01-21T00:35:18.770Z", "region": 11, "image": "/cells/01212021003518.jpg", "center_x": 554.1499938964844, "center_y": 735.683349609375, "width": 90.0, "height": 90.0, "cell_type": "ER6"}}, {"model": "labeller.cell", "pk": 269, "fields": {"cid": 1212021003520, "date_added": "2021-01-21T00:35:20.321Z", "region": 11, "image": "/cells/01212021003520.jpg", "center_x": 497.1499938964844, "center_y": 850.683349609375, "width": 90.0, "height": 90.0, "cell_type": "ER6"}}, {"model": "labeller.cell", "pk": 270, "fields": {"cid": 1212021003523, "date_added": "2021-01-21T00:35:23.908Z", "region": 11, "image": "/cells/01212021003523.jpg", "center_x": 1078.1499938964844, "center_y": 456.683349609375, "width": 90.0, "height": 90.0, "cell_type": "ER6"}}, {"model": "labeller.cell", "pk": 271, "fields": {"cid": 1212021003527, "date_added": "2021-01-21T00:35:27.401Z", "region": 11, "image": "/cells/01212021003527.jpg", "center_x": 912.1499938964844, "center_y": 401.68333435058594, "width": 90.0, "height": 90.0, "cell_type": "ER6"}}, {"model": "labeller.cell", "pk": 272, "fields": {"cid": 1212021003528, "date_added": "2021-01-21T00:35:28.670Z", "region": 11, "image": "/cells/01212021003528.jpg", "center_x": 941.1499938964844, "center_y": 420.68333435058594, "width": 90.0, "height": 90.0, "cell_type": "ER6"}}, {"model": "labeller.cell", "pk": 273, "fields": {"cid": 1212021003531, "date_added": "2021-01-21T00:35:31.932Z", "region": 11, "image": "/cells/01212021003531.jpg", "center_x": 1015.1499938964844, "center_y": 429.68333435058594, "width": 90.0, "height": 90.0, "cell_type": "ER6"}}, {"model": "labeller.cell", "pk": 274, "fields": {"cid": 1212021003533, "date_added": "2021-01-21T00:35:33.272Z", "region": 11, "image": "/cells/01212021003533.jpg", "center_x": 839.1499938964844, "center_y": 326.68333435058594, "width": 90.0, "height": 90.0, "cell_type": "ER6"}}, {"model": "labeller.cell", "pk": 275, "fields": {"cid": 1212021003537, "date_added": "2021-01-21T00:35:37.734Z", "region": 11, "image": "/cells/01212021003537.jpg", "center_x": 1267.1499938964844, "center_y": 154.53334045410156, "width": 90.0, "height": 90.0, "cell_type": "U1"}}, {"model": "labeller.cell", "pk": 276, "fields": {"cid": 1212021003539, "date_added": "2021-01-21T00:35:39.501Z", "region": 11, "image": "/cells/01212021003539.jpg", "center_x": 1219.1499938964844, "center_y": 86.53334045410156, "width": 90.0, "height": 90.0, "cell_type": "ER6"}}, {"model": "labeller.cell", "pk": 277, "fields": {"cid": 1212021003546, "date_added": "2021-01-21T00:35:46.830Z", "region": 11, "image": "/cells/01212021003546.jpg", "center_x": 670.1499938964844, "center_y": 92.53334045410156, "width": 90.0, "height": 90.0, "cell_type": "ER6"}}, {"model": "labeller.cell", "pk": 279, "fields": {"cid": 1212021003549, "date_added": "2021-01-21T00:35:49.355Z", "region": 11, "image": "/cells/01212021003549.jpg", "center_x": 628.1499938964844, "center_y": 80.53334045410156, "width": 90.0, "height": 90.0, "cell_type": "ER4"}}, {"model": "labeller.cell", "pk": 280, "fields": {"cid": 1212021003554, "date_added": "2021-01-21T00:35:54.236Z", "region": 11, "image": "/cells/01212021003554.jpg", "center_x": 158.14999389648438, "center_y": 182.53334045410156, "width": 90.0, "height": 90.0, "cell_type": "ER4"}}, {"model": "labeller.cell", "pk": 281, "fields": {"cid": 1212021003556, "date_added": "2021-01-21T00:35:56.433Z", "region": 11, "image": "/cells/01212021003556.jpg", "center_x": 197.14999389648438, "center_y": 186.53334045410156, "width": 90.0, "height": 90.0, "cell_type": "ER4"}}, {"model": "labeller.cell", "pk": 282, "fields": {"cid": 1212021003558, "date_added": "2021-01-21T00:35:58.256Z", "region": 11, "image": "/cells/01212021003558.jpg", "center_x": 201.14999389648438, "center_y": 212.53334045410156, "width": 90.0, "height": 90.0, "cell_type": "L2"}}, {"model": "labeller.cell", "pk": 283, "fields": {"cid": 1212021003607, "date_added": "2021-01-21T00:36:07.653Z", "region": 11, "image": "/cells/01212021003607.jpg", "center_x": 66.14999389648438, "center_y": 104.53334045410156, "width": 90.0, "height": 90.0, "cell_type": "M4"}}, {"model": "labeller.cell", "pk": 284, "fields": {"cid": 1212021003611, "date_added": "2021-01-21T00:36:11.145Z", "region": 11, "image": "/cells/01212021003611.jpg", "center_x": 75.14999389648438, "center_y": 160.53334045410156, "width": 90.0, "height": 90.0, "cell_type": "L2"}}, {"model": "labeller.cell", "pk": 285, "fields": {"cid": 1212021003616, "date_added": "2021-01-21T00:36:16.336Z", "region": 11, "image": "/cells/01212021003616.jpg", "center_x": 511.1499938964844, "center_y": 571.5333251953125, "width": 90.0, "height": 90.0, "cell_type": "L2"}}, {"model": "labeller.cell", "pk": 286, "fields": {"cid": 1212021003624, "date_added": "2021-01-21T00:36:24.858Z", "region": 11, "image": "/cells/01212021003624.jpg", "center_x": 981.1499938964844, "center_y": 465.5333251953125, "width": 90.0, "height": 90.0, "cell_type": "ER6"}}, {"model": "labeller.cell", "pk": 287, "fields": {"cid": 1212021003628, "date_added": "2021-01-21T00:36:28.501Z", "region": 11, "image": "/cells/01212021003628.jpg", "center_x": 973.1499938964844, "center_y": 428.5333251953125, "width": 90.0, "height": 90.0, "cell_type": "ER6"}}, {"model": "labeller.cell", "pk": 288, "fields": {"cid": 1212021003633, "date_added": "2021-01-21T00:36:33.248Z", "region": 11, "image": "/cells/01212021003633.jpg", "center_x": 971.1499938964844, "center_y": 137.53334045410156, "width": 90.0, "height": 90.0, "cell_type": "U1"}}, {"model": "labeller.cell", "pk": 289, "fields": {"cid": 1212021003634, "date_added": "2021-01-21T00:36:34.231Z", "region": 11, "image": "/cells/01212021003634.jpg", "center_x": 904.1499938964844, "center_y": 225.53334045410156, "width": 90.0, "height": 90.0, "cell_type": "U1"}}, {"model": "labeller.cell", "pk": 290, "fields": {"cid": 1212021003635, "date_added": "2021-01-21T00:36:35.484Z", "region": 11, "image": "/cells/01212021003635.jpg", "center_x": 829.1499938964844, "center_y": 249.53334045410156, "width": 90.0, "height": 90.0, "cell_type": "U1"}}, {"model": "labeller.cell", "pk": 291, "fields": {"cid": 1212021003637, "date_added": "2021-01-21T00:36:37.179Z", "region": 11, "image": "/cells/01212021003637.jpg", "center_x": 882.1499938964844, "center_y": 48.53334045410156, "width": 90.0, "height": 90.0, "cell_type": "U1"}}, {"model": "labeller.cell", "pk": 292, "fields": {"cid": 1212021003655, "date_added": "2021-01-21T00:36:55.504Z", "region": 11, "image": "/cells/01212021003655.jpg", "center_x": 488.1499938964844, "center_y": 660.5333251953125, "width": 90.0, "height": 90.0, "cell_type": "U1"}}, {"model": "labeller.cell", "pk": 293, "fields": {"cid": 1212021003657, "date_added": "2021-01-21T00:36:57.618Z", "region": 11, "image": "/cells/01212021003657.jpg", "center_x": 517.1499938964844, "center_y": 688.5333251953125, "width": 90.0, "height": 90.0, "cell_type": "L2"}}, {"model": "labeller.cell", "pk": 294, "fields": {"cid": 1212021003701, "date_added": "2021-01-21T00:37:01.697Z", "region": 11, "image": "/cells/01212021003701.jpg", "center_x": 482.1499938964844, "center_y": 691.5333251953125, "width": 90.0, "height": 90.0, "cell_type": "L2"}}, {"model": "labeller.cell", "pk": 295, "fields": {"cid": 1212021003703, "date_added": "2021-01-21T00:37:03.265Z", "region": 11, "image": "/cells/01212021003703.jpg", "center_x": 380.1499938964844, "center_y": 680.5333251953125, "width": 90.0, "height": 90.0, "cell_type": "L2"}}, {"model": "labeller.cell", "pk": 296, "fields": {"cid": 1212021003708, "date_added": "2021-01-21T00:37:08.135Z", "region": 11, "image": "/cells/01212021003708.jpg", "center_x": 472.1499938964844, "center_y": 771.5333251953125, "width": 90.0, "height": 90.0, "cell_type": "U1"}}, {"model": "labeller.cell", "pk": 297, "fields": {"cid": 1212021003712, "date_added": "2021-01-21T00:37:12.213Z", "region": 11, "image": "/cells/01212021003712.jpg", "center_x": 259.1499938964844, "center_y": 742.5333251953125, "width": 90.0, "height": 90.0, "cell_type": "L2"}}, {"model": "labeller.cell", "pk": 298, "fields": {"cid": 1212021003721, "date_added": "2021-01-21T00:37:21.148Z", "region": 11, "image": "/cells/01212021003721.jpg", "center_x": 516.1499938964844, "center_y": 68.53334045410156, "width": 90.0, "height": 90.0, "cell_type": "U1"}}, {"model": "labeller.cell", "pk": 299, "fields": {"cid": 1212021003722, "date_added": "2021-01-21T00:37:22.531Z", "region": 11, "image": "/cells/01212021003722.jpg", "center_x": 455.1499938964844, "center_y": 53.53334045410156, "width": 90.0, "height": 90.0, "cell_type": "U1"}}, {"model": "labeller.cell", "pk": 300, "fields": {"cid": 1212021003723, "date_added": "2021-01-21T00:37:23.791Z", "region": 11, "image": "/cells/01212021003723.jpg", "center_x": 397.1499938964844, "center_y": 77.53334045410156, "width": 90.0, "height": 90.0, "cell_type": "U1"}}, {"model": "labeller.cell", "pk": 301, "fields": {"cid": 1212021003729, "date_added": "2021-01-21T00:37:29.927Z", "region": 11, "image": "/cells/01212021003729.jpg", "center_x": 588.1499938964844, "center_y": 249.53334045410156, "width": 90.0, "height": 90.0, "cell_type": "U1"}}, {"model": "labeller.cell", "pk": 302, "fields": {"cid": 1212021003739, "date_added": "2021-01-21T00:37:39.860Z", "region": 11, "image": "/cells/01212021003739.jpg", "center_x": 1156.1499938964844, "center_y": 673.5333251953125, "width": 90.0, "height": 90.0, "cell_type": "U1"}}, {"model": "labeller.cell", "pk": 303, "fields": {"cid": 1212021003741, "date_added": "2021-01-21T00:37:41.076Z", "region": 11, "image": "/cells/01212021003741.jpg", "center_x": 1147.1499938964844, "center_y": 586.5333251953125, "width": 90.0, "height": 90.0, "cell_type": "L2"}}, {"model": "labeller.cell", "pk": 304, "fields": {"cid": 1212021003742, "date_added": "2021-01-21T00:37:42.650Z", "region": 11, "image": "/cells/01212021003742.jpg", "center_x": 1072.1499938964844, "center_y": 582.5333251953125, "width": 90.0, "height": 90.0, "cell_type": "L2"}}, {"model": "labeller.cell", "pk": 305, "fields": {"cid": 1212021003743, "date_added": "2021-01-21T00:37:43.641Z", "region": 11, "image": "/cells/01212021003743.jpg", "center_x": 1041.1499938964844, "center_y": 582.5333251953125, "width": 90.0, "height": 90.0, "cell_type": "ER4"}}, {"model": "labeller.cell", "pk": 306, "fields": {"cid": 1212021003745, "date_added": "2021-01-21T00:37:45.100Z", "region": 11, "image": "/cells/01212021003745.jpg", "center_x": 1171.1499938964844, "center_y": 569.5333251953125, "width": 90.0, "height": 90.0, "cell_type": "ER6"}}, {"model": "labeller.cell", "pk": 307, "fields": {"cid": 1212021003746, "date_added": "2021-01-21T00:37:46.515Z", "region": 11, "image": "/cells/01212021003746.jpg", "center_x": 1198.1499938964844, "center_y": 593.5333251953125, "width": 90.0, "height": 90.0, "cell_type": "ER6"}}, {"model": "labeller.cell", "pk": 308, "fields": {"cid": 1212021003747, "date_added": "2021-01-21T00:37:47.366Z", "region": 11, "image": "/cells/01212021003747.jpg", "center_x": 1236.1499938964844, "center_y": 613.5333251953125, "width": 90.0, "height": 90.0, "cell_type": "ER6"}}, {"model": "labeller.cell", "pk": 309, "fields": {"cid": 1212021003748, "date_added": "2021-01-21T00:37:48.251Z", "region": 11, "image": "/cells/01212021003748.jpg", "center_x": 1285.1499938964844, "center_y": 632.5333251953125, "width": 90.0, "height": 90.0, "cell_type": "ER6"}}, {"model": "labeller.cell", "pk": 310, "fields": {"cid": 1212021003749, "date_added": "2021-01-21T00:37:49.058Z", "region": 11, "image": "/cells/01212021003749.jpg", "center_x": 1308.1499938964844, "center_y": 649.5333251953125, "width": 90.0, "height": 90.0, "cell_type": "ER6"}}, {"model": "labeller.cell", "pk": 311, "fields": {"cid": 1212021003754, "date_added": "2021-01-21T00:37:54.923Z", "region": 11, "image": "/cells/01212021003754.jpg", "center_x": 1348.1499938964844, "center_y": 677.5333251953125, "width": 90.0, "height": 90.0, "cell_type": "ER6"}}, {"model": "labeller.cell", "pk": 312, "fields": {"cid": 1212021003755, "date_added": "2021-01-21T00:37:55.999Z", "region": 11, "image": "/cells/01212021003755.jpg", "center_x": 1322.1499938964844, "center_y": 666.5333251953125, "width": 90.0, "height": 90.0, "cell_type": "ER6"}}, {"model": "labeller.cell", "pk": 313, "fields": {"cid": 1212021003758, "date_added": "2021-01-21T00:37:58.305Z", "region": 11, "image": "/cells/01212021003758.jpg", "center_x": 1255.1499938964844, "center_y": 765.5333251953125, "width": 90.0, "height": 90.0, "cell_type": "ER6"}}, {"model": "labeller.cell", "pk": 314, "fields": {"cid": 1212021003803, "date_added": "2021-01-21T00:38:03.576Z", "region": 11, "image": "/cells/01212021003803.jpg", "center_x": 431.1499938964844, "center_y": 736.5333251953125, "width": 90.0, "height": 90.0, "cell_type": "U1"}}, {"model": "labeller.cell", "pk": 317, "fields": {"cid": 1212021003829, "date_added": "2021-01-21T00:38:29.976Z", "region": 11, "image": "/cells/01212021003829.jpg", "center_x": 633.1499938964844, "center_y": 111.53334045410156, "width": 90.0, "height": 90.0, "cell_type": "L2"}}, {"model": "labeller.cell", "pk": 320, "fields": {"cid": 1262021143827, "date_added": "2021-01-26T14:38:27.347Z", "region": 11, "image": "/cells/01262021143827.jpg", "center_x": 121.43333435058594, "center_y": 601.6833343505859, "width": 90.0, "height": 90.0, "cell_type": "U1"}}, {"model": "labeller.cell", "pk": 324, "fields": {"cid": 1292021164536, "date_added": "2021-01-29T16:45:36.705Z", "region": 11, "image": "/cells/01292021164536.jpg", "center_x": 1327.1000061035156, "center_y": 207.6999969482422, "width": 90.0, "height": 90.0, "cell_type": "ER6"}}, {"model": "labeller.cell", "pk": 368, "fields": {"cid": 2062021211342, "date_added": "2021-02-06T21:13:42.969Z", "region": 11, "image": "/cells/02062021211342.jpg", "center_x": 370.43333435058594, "center_y": 303.71665954589844, "width": 90.0, "height": 90.0, "cell_type": "L2"}}, {"model": "labeller.cell", "pk": 369, "fields": {"cid": 2062021211427, "date_added": "2021-02-06T21:14:27.667Z", "region": 11, "image": "/cells/02062021211427.jpg", "center_x": 188.43333435058594, "center_y": 515.2333374023438, "width": 90.0, "height": 90.0, "cell_type": "ER4"}}, {"model": "labeller.cell", "pk": 370, "fields": {"cid": 2062021211709, "date_added": "2021-02-06T21:17:09.729Z", "region": 11, "image": "/cells/02062021211709.jpg", "center_x": 724.4333343505859, "center_y": 647.9500122070312, "width": 90.0, "height": 90.0, "cell_type": "M5"}}, {"model": "labeller.cell", "pk": 371, "fields": {"cid": 2062021211914, "date_added": "2021-02-06T21:19:14.928Z", "region": 11, "image": "/cells/02062021211914.jpg", "center_x": 236.43333435058594, "center_y": 694.7666625976562, "width": 90.0, "height": 90.0, "cell_type": "M5"}}, {"model": "labeller.cell", "pk": 372, "fields": {"cid": 2062021212057, "date_added": "2021-02-06T21:20:57.728Z", "region": 11, "image": "/cells/02062021212057.jpg", "center_x": 635.4333343505859, "center_y": 292.6166687011719, "width": 90.0, "height": 90.0, "cell_type": "L2"}}, {"model": "labeller.cell", "pk": 373, "fields": {"cid": 2122021170308, "date_added": "2021-02-12T17:03:09.085Z", "region": 11, "image": "/cells/02122021170308.jpg", "center_x": 1077.8999938964844, "center_y": 522.0833282470703, "width": 90.0, "height": 90.0, "cell_type": "UL"}}, {"model": "labeller.cell", "pk": 374, "fields": {"cid": 2122021170312, "date_added": "2021-02-12T17:03:12.400Z", "region": 11, "image": "/cells/02122021170312.jpg", "center_x": 881.8999938964844, "center_y": 518.0833282470703, "width": 90.0, "height": 90.0, "cell_type": "UL"}}, {"model": "labeller.cell", "pk": 375, "fields": {"cid": 2122021170313, "date_added": "2021-02-12T17:03:13.350Z", "region": 11, "image": "/cells/02122021170313.jpg", "center_x": 930.8999938964844, "center_y": 526.0833282470703, "width": 90.0, "height": 90.0, "cell_type": "UL"}}, {"model": "labeller.cell", "pk": 376, "fields": {"cid": 2122021170536, "date_added": "2021-02-12T17:05:36.190Z", "region": 11, "image": "/cells/02122021170536.jpg", "center_x": 46.899993896484375, "center_y": 182.18333435058594, "width": 90.0, "height": 90.0, "cell_type": "M6"}}, {"model": "labeller.cell", "pk": 379, "fields": {"cid": 2162021204510, "date_added": "2021-02-16T20:45:10.392Z", "region": 11, "image": "/cells/02162021204510.jpg", "center_x": 679.3333282470703, "center_y": 348.3833312988281, "width": 90.0, "height": 90.0, "cell_type": "M3"}}]